"No.","Time","Source","Destination","Protocol","Length","Info"
"1","0.000000","192.168.66.42","lhr48s29-in-f10.1e100.net","TCP","55","50272  >  https(443) [ACK] Seq=1 Ack=1 Win=513 Len=1 [TCP segment of a reassembled PDU]"
"2","0.159178","lhr48s29-in-f10.1e100.net","192.168.66.42","TCP","66","https(443)  >  50272 [ACK] Seq=1 Ack=2 Win=327 Len=0 SLE=1 SRE=2"
"3","0.178257","d6:ae:3e:47:24:fa","MS-NLB-PhysServer-32_0e:6c:72:17:05","ARP","42","Who has 192.168.66.42? Tell 192.168.66.117"
"4","0.178273","MS-NLB-PhysServer-32_0e:6c:72:17:05","d6:ae:3e:47:24:fa","ARP","42","192.168.66.42 is at 02:2e:6c:72:17:05"
"5","1.138147","192.168.66.42","par10s22-in-f227.1e100.net","TCP","55","50481  >  https(443) [ACK] Seq=1 Ack=1 Win=511 Len=1 [TCP segment of a reassembled PDU]"
"6","1.190570","par10s22-in-f227.1e100.net","192.168.66.42","TCP","66","https(443)  >  50481 [ACK] Seq=1 Ack=2 Win=268 Len=0 SLE=1 SRE=2"
"7","1.235083","192.168.66.42","192.168.66.117","DNS","86","Standard query 0x34c3 PTR 42.66.168.192.in-addr.arpa"
"8","1.235314","192.168.66.42","192.168.66.117","DNS","87","Standard query 0xc960 PTR 10.200.250.142.in-addr.arpa"
"9","1.235430","192.168.66.42","192.168.66.117","DNS","87","Standard query 0x452a PTR 117.66.168.192.in-addr.arpa"
"10","1.244683","192.168.66.117","192.168.66.42","DNS","141","Standard query response 0x34c3 No such name PTR 42.66.168.192.in-addr.arpa SOA 168.192.IN-ADDR.ARPA"
"11","1.248722","192.168.66.117","192.168.66.42","DNS","154","Standard query response 0x452a No such name PTR 117.66.168.192.in-addr.arpa SOA dns1.iu.edu.sa"
"12","1.353134","192.168.66.117","192.168.66.42","DNS","126","Standard query response 0xc960 PTR 10.200.250.142.in-addr.arpa PTR lhr48s29-in-f10.1e100.net"
"13","1.922050","192.168.66.42","lhr25s34-in-f14.1e100.net","TLSv1.2","521","Application Data"
"14","1.922093","192.168.66.42","lhr25s34-in-f14.1e100.net","TLSv1.2","93","Application Data"
"15","2.104174","lhr25s34-in-f14.1e100.net","192.168.66.42","TLSv1.2","93","Application Data"
"16","2.147663","192.168.66.42","lhr25s34-in-f14.1e100.net","TCP","54","50474  >  https(443) [ACK] Seq=507 Ack=40 Win=514 Len=0"
"17","2.240952","192.168.66.42","192.168.66.117","DNS","87","Standard query 0x8cc0 PTR 227.208.58.216.in-addr.arpa"
"18","2.257525","192.168.66.117","192.168.66.42","DNS","185","Standard query response 0x8cc0 PTR 227.208.58.216.in-addr.arpa PTR par10s22-in-f3.1e100.net PTR fjr01s01-in-f3.1e100.net PTR par10s22-in-f227.1e100.net"
"19","2.286839","lhr25s34-in-f14.1e100.net","192.168.66.42","TLSv1.2","572","Application Data"
"20","2.286839","lhr25s34-in-f14.1e100.net","192.168.66.42","TLSv1.2","260","Application Data"
"21","2.286893","192.168.66.42","lhr25s34-in-f14.1e100.net","TCP","54","50474  >  https(443) [ACK] Seq=507 Ack=764 Win=511 Len=0"
"22","2.287889","192.168.66.42","lhr25s34-in-f14.1e100.net","TLSv1.2","89","Application Data"
"23","2.288238","lhr25s34-in-f14.1e100.net","192.168.66.42","TLSv1.2","156","Application Data, Application Data"
"24","2.288810","192.168.66.42","lhr25s34-in-f14.1e100.net","TLSv1.2","93","Application Data"
"25","2.291194","192.168.66.42","drive.google.com","TLSv1.2","447","Application Data"
"26","2.291231","192.168.66.42","drive.google.com","TLSv1.2","393","Application Data"
"27","2.412772","drive.google.com","192.168.66.42","TCP","54","https(443)  >  50470 [ACK] Seq=1 Ack=733 Win=1044 Len=0"
"28","2.430861","lhr25s34-in-f14.1e100.net","192.168.66.42","TCP","54","https(443)  >  50474 [ACK] Seq=866 Ack=581 Win=327 Len=0"
"29","2.532441","drive.google.com","192.168.66.42","TLSv1.2","561","Application Data"
"30","2.532441","drive.google.com","192.168.66.42","TLSv1.2","85","Application Data"
"31","2.532441","drive.google.com","192.168.66.42","TLSv1.2","93","Application Data"
"32","2.532501","192.168.66.42","drive.google.com","TCP","54","50470  >  https(443) [ACK] Seq=733 Ack=578 Win=512 Len=0"
"33","2.533531","192.168.66.42","drive.google.com","TLSv1.2","93","Application Data"
"34","2.655525","drive.google.com","192.168.66.42","TCP","54","https(443)  >  50470 [ACK] Seq=578 Ack=772 Win=1045 Len=0"
"35","3.234874","192.168.66.42","192.168.66.117","DNS","88","Standard query 0x4f59 PTR 238.187.250.142.in-addr.arpa"
"36","3.234999","192.168.66.42","192.168.66.117","DNS","88","Standard query 0x62e1 PTR 238.179.250.142.in-addr.arpa"
"37","3.255635","192.168.66.117","192.168.66.42","DNS","127","Standard query response 0x4f59 PTR 238.187.250.142.in-addr.arpa PTR lhr25s34-in-f14.1e100.net"
"38","3.358148","192.168.66.117","192.168.66.42","DNS","127","Standard query response 0x62e1 PTR 238.179.250.142.in-addr.arpa PTR lhr25s31-in-f14.1e100.net"
"39","3.702781","192.168.66.42","fra24s11-in-f14.1e100.net","TCP","55","50475  >  https(443) [ACK] Seq=1 Ack=1 Win=514 Len=1 [TCP segment of a reassembled PDU]"
"40","3.831845","fra24s11-in-f14.1e100.net","192.168.66.42","TCP","66","https(443)  >  50475 [ACK] Seq=1 Ack=2 Win=305 Len=0 SLE=1 SRE=2"
"41","4.232085","192.168.66.42","192.168.66.117","DNS","88","Standard query 0xc2ae PTR 206.184.250.142.in-addr.arpa"
"42","4.361205","192.168.66.117","192.168.66.42","DNS","127","Standard query response 0xc2ae PTR 206.184.250.142.in-addr.arpa PTR fra24s11-in-f14.1e100.net"
"43","4.383007","192.168.66.42","192.168.66.255","UDP","162","53753  >  59867 Len=120"
"44","4.383413","192.168.66.42","192.168.66.255","UDP","226","53754  >  59867 Len=184"
"45","5.243364","192.168.66.42","192.168.66.117","DNS","87","Standard query 0x58e6 PTR 255.66.168.192.in-addr.arpa"
"46","5.267009","192.168.66.117","192.168.66.42","DNS","154","Standard query response 0x58e6 No such name PTR 255.66.168.192.in-addr.arpa SOA dns1.iu.edu.sa"
"47","5.798922","192.168.66.42","drive.google.com","TLSv1.2","404","Application Data"
"48","5.995644","drive.google.com","192.168.66.42","TCP","54","https(443)  >  50470 [ACK] Seq=578 Ack=1122 Win=1045 Len=0"
"49","6.197798","drive.google.com","192.168.66.42","TLSv1.2","566","Application Data"
"50","6.197798","drive.google.com","192.168.66.42","TLSv1.2","1010","Application Data"
"51","6.197798","drive.google.com","192.168.66.42","TLSv1.2","85","Application Data"
"52","6.197876","192.168.66.42","drive.google.com","TCP","54","50470  >  https(443) [ACK] Seq=1122 Ack=2077 Win=514 Len=0"
"53","6.198739","drive.google.com","192.168.66.42","TLSv1.2","93","Application Data"
"54","6.198826","192.168.66.42","drive.google.com","TCP","54","50470  >  https(443) [ACK] Seq=1122 Ack=2116 Win=514 Len=0"
"55","6.199180","192.168.66.42","drive.google.com","TLSv1.2","89","Application Data"
"56","6.199221","192.168.66.42","drive.google.com","TLSv1.2","93","Application Data"
"57","6.320388","drive.google.com","192.168.66.42","TCP","54","https(443)  >  50470 [ACK] Seq=2116 Ack=1196 Win=1045 Len=0"
"58","6.391835","192.168.66.42","192.168.66.255","UDP","162","63776  >  59867 Len=120"
"59","6.392146","192.168.66.42","192.168.66.255","UDP","226","63777  >  59867 Len=184"
"60","6.607452","lhr25s31-in-f10.1e100.net","192.168.66.42","TLSv1.2","138","Application Data"
"61","6.609187","192.168.66.42","lhr25s31-in-f10.1e100.net","TLSv1.2","89","Application Data"
"62","6.609260","192.168.66.42","lhr25s31-in-f10.1e100.net","TLSv1.2","89","Application Data"
"63","6.733953","lhr25s31-in-f10.1e100.net","192.168.66.42","TCP","54","https(443)  >  50473 [ACK] Seq=85 Ack=36 Win=360 Len=0"
"64","6.733953","lhr25s31-in-f10.1e100.net","192.168.66.42","TCP","54","https(443)  >  50473 [ACK] Seq=85 Ack=71 Win=360 Len=0"
"65","8.238870","192.168.66.42","192.168.66.117","DNS","88","Standard query 0xfec4 PTR 234.179.250.142.in-addr.arpa"
"66","8.350826","192.168.66.117","192.168.66.42","DNS","127","Standard query response 0xfec4 PTR 234.179.250.142.in-addr.arpa PTR lhr25s31-in-f10.1e100.net"
"67","8.402921","192.168.66.42","192.168.66.255","UDP","162","63779  >  59867 Len=120"
"68","8.403319","192.168.66.42","192.168.66.255","UDP","226","63780  >  59867 Len=184"
"69","8.681700","192.168.66.42","drive.google.com","TCP","1440","50470  >  https(443) [ACK] Seq=1196 Ack=2116 Win=514 Len=1386 [TCP segment of a reassembled PDU]"
"70","8.681700","192.168.66.42","drive.google.com","TLSv1.2","533","Application Data"
"71","8.681750","192.168.66.42","drive.google.com","TLSv1.2","88","Application Data"
"72","8.861089","drive.google.com","192.168.66.42","TCP","54","https(443)  >  50470 [ACK] Seq=2116 Ack=3095 Win=1044 Len=0"
"73","9.004663","drive.google.com","192.168.66.42","TLSv1.2","564","Application Data"
"74","9.004663","drive.google.com","192.168.66.42","TLSv1.2","88","Application Data"
"75","9.004663","drive.google.com","192.168.66.42","TLSv1.2","85","Application Data"
"76","9.004663","drive.google.com","192.168.66.42","TLSv1.2","93","Application Data"
"77","9.004720","192.168.66.42","drive.google.com","TCP","54","50470  >  https(443) [ACK] Seq=3095 Ack=2730 Win=511 Len=0"
"78","9.005824","192.168.66.42","drive.google.com","TLSv1.2","93","Application Data"
"79","9.008316","192.168.66.42","drive.google.com","TLSv1.2","449","Application Data"
"80","9.010012","drive.google.com","192.168.66.42","TLSv1.2","565","Application Data"
"81","9.011585","drive.google.com","192.168.66.42","TLSv1.2","87","Application Data"
"82","9.011585","drive.google.com","192.168.66.42","TLSv1.2","85","Application Data"
"83","9.011653","192.168.66.42","drive.google.com","TCP","54","50470  >  https(443) [ACK] Seq=3529 Ack=3305 Win=509 Len=0"
"84","9.167738","drive.google.com","192.168.66.42","TCP","54","https(443)  >  50470 [ACK] Seq=3305 Ack=3134 Win=1045 Len=0"
"85","9.167738","drive.google.com","192.168.66.42","TCP","54","https(443)  >  50470 [ACK] Seq=3305 Ack=3529 Win=1045 Len=0"
"86","9.832119","192.168.66.42","drive.google.com","TCP","55","50464  >  https(443) [ACK] Seq=1 Ack=1 Win=514 Len=1 [TCP segment of a reassembled PDU]"
"87","9.970518","drive.google.com","192.168.66.42","TCP","66","https(443)  >  50464 [ACK] Seq=1 Ack=2 Win=316 Len=0 SLE=1 SRE=2"
"88","10.408227","192.168.66.42","192.168.66.255","UDP","162","51535  >  59867 Len=120"
"89","10.408584","192.168.66.42","192.168.66.255","UDP","226","51536  >  59867 Len=184"
"90","12.412027","192.168.66.42","192.168.66.255","UDP","162","51537  >  59867 Len=120"
"91","12.413057","192.168.66.42","192.168.66.255","UDP","226","51538  >  59867 Len=184"
"92","13.420412","192.168.66.42","131.160.120.34.bc.googleusercontent.com","TLSv1.2","83","Application Data"
"93","13.528738","192.168.66.42","131.160.120.34.bc.googleusercontent.com","TCP","55","[TCP Retransmission] 50427  >  https(443) [ACK] Seq=0 Ack=1 Win=514 Len=1"
"94","13.528868","192.168.66.42","lhr48s29-in-f10.1e100.net","TCP","55","50478  >  https(443) [ACK] Seq=1 Ack=1 Win=512 Len=1 [TCP segment of a reassembled PDU]"
"95","13.547995","131.160.120.34.bc.googleusercontent.com","192.168.66.42","TCP","54","https(443)  >  50427 [ACK] Seq=1 Ack=30 Win=266 Len=0"
"96","13.675060","131.160.120.34.bc.googleusercontent.com","192.168.66.42","TCP","66","[TCP Dup ACK 95#1] https(443)  >  50427 [ACK] Seq=1 Ack=30 Win=266 Len=0 SLE=0 SRE=1"
"97","13.718387","lhr48s29-in-f10.1e100.net","192.168.66.42","TCP","66","https(443)  >  50478 [ACK] Seq=1 Ack=2 Win=280 Len=0 SLE=1 SRE=2"
"98","13.890057","192.168.66.42","par10s22-in-f227.1e100.net","TCP","54","50481  >  https(443) [FIN, ACK] Seq=2 Ack=1 Win=511 Len=0"
"99","13.890414","192.168.66.42","mrs09s16-in-f14.1e100.net","TCP","54","50480  >  https(443) [FIN, ACK] Seq=1 Ack=1 Win=512 Len=0"
"100","13.891275","192.168.66.42","lhr48s29-in-f10.1e100.net","TCP","54","50478  >  https(443) [FIN, ACK] Seq=2 Ack=1 Win=512 Len=0"
"101","13.892375","192.168.66.42","lhr48s29-in-f10.1e100.net","TCP","54","50272  >  https(443) [FIN, ACK] Seq=2 Ack=1 Win=513 Len=0"
"102","13.892522","192.168.66.42","172.217.21.42","TCP","54","50471  >  https(443) [FIN, ACK] Seq=1 Ack=1 Win=512 Len=0"
"103","13.892589","192.168.66.42","fjr01s01-in-f14.1e100.net","TCP","54","50266  >  https(443) [FIN, ACK] Seq=1 Ack=1 Win=514 Len=0"
"104","13.892662","192.168.66.42","lhr25s34-in-f14.1e100.net","TCP","54","50474  >  https(443) [FIN, ACK] Seq=581 Ack=866 Win=510 Len=0"
"105","13.892742","192.168.66.42","drive.google.com","TCP","54","50464  >  https(443) [FIN, ACK] Seq=2 Ack=1 Win=514 Len=0"
"106","13.892815","192.168.66.42","lhr25s31-in-f10.1e100.net","TCP","54","50472  >  https(443) [FIN, ACK] Seq=1 Ack=1 Win=512 Len=0"
"107","13.892881","192.168.66.42","fra24s11-in-f14.1e100.net","TCP","54","50475  >  https(443) [FIN, ACK] Seq=2 Ack=1 Win=514 Len=0"
"108","13.908851","fe80::5461:2afa:6436:eac8","ff02::c","UDP","1158","64498  >  ws-discovery(3702) Len=1096"
"109","13.909013","192.168.66.42","239.255.255.250","UDP","1124","64497  >  ws-discovery(3702) Len=1082"
"110","13.944167","172.217.21.42","192.168.66.42","TCP","54","https(443)  >  50471 [FIN, ACK] Seq=1 Ack=2 Win=280 Len=0"
"111","13.944289","192.168.66.42","172.217.21.42","TCP","54","50471  >  https(443) [ACK] Seq=2 Ack=2 Win=512 Len=0"
"112","13.945468","par10s22-in-f227.1e100.net","192.168.66.42","TCP","54","https(443)  >  50481 [FIN, ACK] Seq=1 Ack=3 Win=268 Len=0"
"113","13.945547","192.168.66.42","par10s22-in-f227.1e100.net","TCP","54","50481  >  https(443) [ACK] Seq=3 Ack=2 Win=511 Len=0"
"114","13.946993","fjr01s01-in-f14.1e100.net","192.168.66.42","TCP","54","https(443)  >  50266 [FIN, ACK] Seq=1 Ack=2 Win=1136 Len=0"
"115","13.947178","192.168.66.42","fjr01s01-in-f14.1e100.net","TCP","54","50266  >  https(443) [ACK] Seq=2 Ack=2 Win=514 Len=0"
"116","13.950562","fe80::5461:2afa:6436:eac8","ff02::c","UDP","1158","64498  >  ws-discovery(3702) Len=1096"
"117","13.950685","192.168.66.42","239.255.255.250","UDP","1124","64497  >  ws-discovery(3702) Len=1082"
"118","13.985952","192.168.66.42","239.255.255.250","SSDP","179","M-SEARCH * HTTP/1.1 "
"119","14.043803","192.168.66.42","239.255.255.250","UDP","1124","64497  >  ws-discovery(3702) Len=1082"
"120","14.053429","mrs09s16-in-f14.1e100.net","192.168.66.42","TCP","54","https(443)  >  50480 [FIN, ACK] Seq=1 Ack=2 Win=278 Len=0"
"121","14.053429","fra24s11-in-f14.1e100.net","192.168.66.42","TCP","54","https(443)  >  50475 [FIN, ACK] Seq=1 Ack=3 Win=305 Len=0"
"122","14.053429","drive.google.com","192.168.66.42","TCP","54","https(443)  >  50464 [FIN, ACK] Seq=1 Ack=3 Win=316 Len=0"
"123","14.053490","192.168.66.42","mrs09s16-in-f14.1e100.net","TCP","54","50480  >  https(443) [ACK] Seq=2 Ack=2 Win=512 Len=0"
"124","14.053528","192.168.66.42","fra24s11-in-f14.1e100.net","TCP","54","50475  >  https(443) [ACK] Seq=3 Ack=2 Win=514 Len=0"
"125","14.053545","192.168.66.42","drive.google.com","TCP","54","50464  >  https(443) [ACK] Seq=3 Ack=2 Win=514 Len=0"
"126","14.054351","lhr48s29-in-f10.1e100.net","192.168.66.42","TCP","54","https(443)  >  50478 [FIN, ACK] Seq=1 Ack=3 Win=280 Len=0"
"127","14.054351","lhr25s31-in-f10.1e100.net","192.168.66.42","TCP","54","https(443)  >  50472 [FIN, ACK] Seq=1 Ack=2 Win=286 Len=0"
"128","14.054370","192.168.66.42","lhr48s29-in-f10.1e100.net","TCP","54","50478  >  https(443) [ACK] Seq=3 Ack=2 Win=512 Len=0"
"129","14.054384","192.168.66.42","lhr25s31-in-f10.1e100.net","TCP","54","50472  >  https(443) [ACK] Seq=2 Ack=2 Win=512 Len=0"
"130","14.059748","lhr48s29-in-f10.1e100.net","192.168.66.42","TCP","54","https(443)  >  50272 [FIN, ACK] Seq=1 Ack=3 Win=327 Len=0"
"131","14.059799","192.168.66.42","lhr48s29-in-f10.1e100.net","TCP","54","50272  >  https(443) [ACK] Seq=3 Ack=2 Win=513 Len=0"
"132","14.062659","lhr25s34-in-f14.1e100.net","192.168.66.42","TCP","54","https(443)  >  50474 [FIN, ACK] Seq=866 Ack=582 Win=327 Len=0"
"133","14.062721","192.168.66.42","lhr25s34-in-f14.1e100.net","TCP","54","50474  >  https(443) [ACK] Seq=582 Ack=867 Win=510 Len=0"
"134","14.073810","192.168.66.42","239.255.255.250","UDP","1124","64497  >  ws-discovery(3702) Len=1082"
"135","14.166892","fe80::5461:2afa:6436:eac8","ff02::c","UDP","1158","64498  >  ws-discovery(3702) Len=1096"
"136","14.167012","fe80::5461:2afa:6436:eac8","ff02::c","UDP","1158","64498  >  ws-discovery(3702) Len=1096"
"137","14.213649","192.168.66.42","239.255.255.250","UDP","1124","64497  >  ws-discovery(3702) Len=1082"
"138","14.243905","192.168.66.42","192.168.66.117","DNS","87","Standard query 0x382f PTR 131.160.120.34.in-addr.arpa"
"139","14.367861","192.168.66.117","192.168.66.42","DNS","140","Standard query response 0x382f PTR 131.160.120.34.in-addr.arpa PTR 131.160.120.34.bc.googleusercontent.com"
"140","14.384412","192.168.66.42","239.255.255.250","UDP","1124","64497  >  ws-discovery(3702) Len=1082"
"141","14.555229","192.168.66.42","239.255.255.250","UDP","1124","64497  >  ws-discovery(3702) Len=1082"
"142","14.587172","fe80::5461:2afa:6436:eac8","ff02::c","UDP","1158","64498  >  ws-discovery(3702) Len=1096"
"143","14.618210","fe80::5461:2afa:6436:eac8","ff02::c","UDP","1158","64498  >  ws-discovery(3702) Len=1096"
"144","14.837896","192.168.66.42","239.255.255.250","UDP","1124","64497  >  ws-discovery(3702) Len=1082"
"145","15.040298","fe80::5461:2afa:6436:eac8","ff02::c","UDP","1158","64498  >  ws-discovery(3702) Len=1096"
"146","15.071378","fe80::5461:2afa:6436:eac8","ff02::c","UDP","1158","64498  >  ws-discovery(3702) Len=1096"
"147","15.252130","192.168.66.42","192.168.66.117","DNS","132","Standard query 0xa85b PTR 8.c.a.e.6.3.4.6.a.f.a.2.1.6.4.5.0.0.0.0.0.0.0.0.0.0.0.0.0.8.e.f.ip6.arpa"
"148","15.252376","192.168.66.42","192.168.66.117","DNS","132","Standard query 0x5ee7 PTR c.0.0.0.0.0.0.0.0.0.0.0.0.0.0.0.0.0.0.0.0.0.0.0.0.0.0.0.2.0.f.f.ip6.arpa"
"149","15.252471","192.168.66.42","192.168.66.117","DNS","87","Standard query 0x7d6e PTR 238.208.58.216.in-addr.arpa"
"150","15.252589","192.168.66.42","192.168.66.117","DNS","88","Standard query 0x306f PTR 250.255.255.239.in-addr.arpa"
"151","15.252712","192.168.66.42","192.168.66.117","DNS","87","Standard query 0x748d PTR 238.37.251.142.in-addr.arpa"
"152","15.256193","192.168.66.117","192.168.66.42","DNS","132","Standard query response 0xa85b No such name PTR 8.c.a.e.6.3.4.6.a.f.a.2.1.6.4.5.0.0.0.0.0.0.0.0.0.0.0.0.0.8.e.f.ip6.arpa"
"153","15.374848","192.168.66.117","192.168.66.42","DNS","196","Standard query response 0x5ee7 No such name PTR c.0.0.0.0.0.0.0.0.0.0.0.0.0.0.0.0.0.0.0.0.0.0.0.0.0.0.0.2.0.f.f.ip6.arpa SOA b.ip6-servers.arpa"
"154","15.374848","192.168.66.117","192.168.66.42","DNS","187","Standard query response 0x7d6e PTR 238.208.58.216.in-addr.arpa PTR par10s22-in-f238.1e100.net PTR par10s22-in-f14.1e100.net PTR fjr01s01-in-f14.1e100.net"
"155","15.374848","192.168.66.117","192.168.66.42","DNS","145","Standard query response 0x306f No such name PTR 250.255.255.239.in-addr.arpa SOA sns.dns.icann.org"
"156","15.374848","192.168.66.117","192.168.66.42","DNS","126","Standard query response 0x748d PTR 238.37.251.142.in-addr.arpa PTR mrs09s16-in-f14.1e100.net"
"157","15.395798","192.168.66.42","20.90.153.243","TCP","55","50223  >  https(443) [ACK] Seq=1 Ack=1 Win=510 Len=1 [TCP segment of a reassembled PDU]"
"158","15.411934","192.168.66.42","wf-in-f188.1e100.net","TCP","54","50469  >  https(443) [FIN, ACK] Seq=1 Ack=1 Win=511 Len=0"
"159","15.418050","192.168.66.42","239.255.255.250","SSDP","220","M-SEARCH * HTTP/1.1 "
"160","15.466648","192.168.66.42","239.255.255.250","SSDP","217","M-SEARCH * HTTP/1.1 "
"161","15.511032","20.90.153.243","192.168.66.42","TCP","66","https(443)  >  50223 [ACK] Seq=1 Ack=2 Win=7970 Len=0 SLE=1 SRE=2"
"162","15.833214","192.168.66.42","wf-in-f188.1e100.net","TCP","54","[TCP Retransmission] 50469  >  https(443) [FIN, ACK] Seq=1 Ack=1 Win=511 Len=0"
"163","15.908780","192.168.66.42","192.168.66.117","DNS","95","Standard query 0x7075 A optimizationguide-pa.googleapis.com"
"164","15.908853","192.168.66.42","192.168.66.117","DNS","76","Standard query 0x4c47 A mtalk.google.com"
"165","15.918808","192.168.66.117","192.168.66.42","DNS","111","Standard query response 0x7075 A optimizationguide-pa.googleapis.com A 142.250.181.10"
"166","15.919496","192.168.66.42","optimizationguide-pa.googleapis.com","TCP","66","50514  >  https(443) [SYN] Seq=0 Win=64240 Len=0 MSS=1460 WS=256 SACK_PERM=1"
"167","15.919721","192.168.66.117","192.168.66.42","DNS","121","Standard query response 0x4c47 A mtalk.google.com CNAME mobile-gtalk.l.google.com A 66.102.1.188"
"168","15.920157","192.168.66.42","mobile-gtalk.l.google.com","TCP","66","50515  >  hpvroom(5228) [SYN] Seq=0 Win=64240 Len=0 MSS=1460 WS=256 SACK_PERM=1"
"169","16.027236","optimizationguide-pa.googleapis.com","192.168.66.42","TCP","66","https(443)  >  50514 [SYN, ACK] Seq=0 Ack=1 Win=65535 Len=0 MSS=1386 SACK_PERM=1 WS=256"
"170","16.027236","wf-in-f188.1e100.net","192.168.66.42","TCP","54","https(443)  >  50469 [RST] Seq=1 Win=0 Len=0"
"171","16.027307","192.168.66.42","optimizationguide-pa.googleapis.com","TCP","54","50514  >  https(443) [ACK] Seq=1 Ack=1 Win=131584 Len=0"
"172","16.027946","192.168.66.42","optimizationguide-pa.googleapis.com","TLSv1.3","810","Client Hello"
"173","16.063796","mobile-gtalk.l.google.com","192.168.66.42","TCP","66","hpvroom(5228)  >  50515 [SYN, ACK] Seq=0 Ack=1 Win=65535 Len=0 MSS=1386 SACK_PERM=1 WS=256"
"174","16.063880","192.168.66.42","mobile-gtalk.l.google.com","TCP","54","50515  >  hpvroom(5228) [ACK] Seq=1 Ack=1 Win=131584 Len=0"
"175","16.064322","192.168.66.42","mobile-gtalk.l.google.com","TLSv1","571","Client Hello"
"176","16.069693","mobile-gtalk.l.google.com","192.168.66.42","TCP","54","hpvroom(5228)  >  50515 [RST, ACK] Seq=1 Ack=518 Win=131584 Len=0"
"177","16.070225","192.168.66.42","mobile-gtalk.l.google.com","TCP","66","50516  >  hpvroom(5228) [SYN] Seq=0 Win=64240 Len=0 MSS=1460 WS=256 SACK_PERM=1"
"178","16.072594","optimizationguide-pa.googleapis.com","192.168.66.42","TCP","54","https(443)  >  50514 [ACK] Seq=1 Ack=757 Win=67072 Len=0"
"179","16.183618","optimizationguide-pa.googleapis.com","192.168.66.42","TLSv1.3","1440","Server Hello, Change Cipher Spec"
"180","16.183618","optimizationguide-pa.googleapis.com","192.168.66.42","TCP","1440","https(443)  >  50514 [PSH, ACK] Seq=1387 Ack=757 Win=67072 Len=1386 [TCP segment of a reassembled PDU]"
"181","16.183618","optimizationguide-pa.googleapis.com","192.168.66.42","TCP","1440","https(443)  >  50514 [ACK] Seq=2773 Ack=757 Win=67072 Len=1386 [TCP segment of a reassembled PDU]"
"182","16.183618","optimizationguide-pa.googleapis.com","192.168.66.42","TLSv1.3","711","Application Data"
"183","16.183676","192.168.66.42","optimizationguide-pa.googleapis.com","TCP","54","50514  >  https(443) [ACK] Seq=757 Ack=4816 Win=131584 Len=0"
"184","16.184965","192.168.66.42","optimizationguide-pa.googleapis.com","TLSv1.3","128","Change Cipher Spec, Application Data"
"185","16.185149","192.168.66.42","optimizationguide-pa.googleapis.com","TLSv1.3","152","Application Data"
"186","16.185294","192.168.66.42","optimizationguide-pa.googleapis.com","TLSv1.3","398","Application Data"
"187","16.185324","192.168.66.42","optimizationguide-pa.googleapis.com","TLSv1.3","201","Application Data"
"188","16.196694","mobile-gtalk.l.google.com","192.168.66.42","TCP","66","hpvroom(5228)  >  50516 [SYN, ACK] Seq=0 Ack=1 Win=65535 Len=0 MSS=1386 SACK_PERM=1 WS=256"
"189","16.196850","192.168.66.42","mobile-gtalk.l.google.com","TCP","54","50516  >  hpvroom(5228) [ACK] Seq=1 Ack=1 Win=131584 Len=0"
"190","16.197363","192.168.66.42","mobile-gtalk.l.google.com","TLSv1","571","Client Hello"
"191","16.201990","mobile-gtalk.l.google.com","192.168.66.42","TCP","54","hpvroom(5228)  >  50516 [RST, ACK] Seq=1 Ack=518 Win=131584 Len=0"
"192","16.203654","192.168.66.42","drive.google.com","TCP","66","50517  >  https(443) [SYN] Seq=0 Win=64240 Len=0 MSS=1460 WS=256 SACK_PERM=1"
"193","16.228386","optimizationguide-pa.googleapis.com","192.168.66.42","TLSv1.3","950","Application Data, Application Data"
"194","16.228386","optimizationguide-pa.googleapis.com","192.168.66.42","TLSv1.3","85","Application Data"
"195","16.228481","192.168.66.42","optimizationguide-pa.googleapis.com","TCP","54","50514  >  https(443) [ACK] Seq=1420 Ack=5743 Win=130560 Len=0"
"196","16.228756","192.168.66.42","optimizationguide-pa.googleapis.com","TLSv1.3","85","Application Data"
"197","16.231781","optimizationguide-pa.googleapis.com","192.168.66.42","TCP","54","https(443)  >  50514 [ACK] Seq=5743 Ack=1420 Win=70144 Len=0"
"198","16.254565","192.168.66.42","192.168.66.117","DNS","86","Standard query 0x8825 PTR 243.153.90.20.in-addr.arpa"
"199","16.254723","192.168.66.42","192.168.66.117","DNS","88","Standard query 0x7bed PTR 188.110.250.142.in-addr.arpa"
"200","16.282591","optimizationguide-pa.googleapis.com","192.168.66.42","TCP","54","https(443)  >  50514 [ACK] Seq=5743 Ack=1451 Win=70144 Len=0"
"201","16.385644","drive.google.com","192.168.66.42","TCP","66","https(443)  >  50517 [SYN, ACK] Seq=0 Ack=1 Win=65535 Len=0 MSS=1386 SACK_PERM=1 WS=256"
"202","16.385700","192.168.66.42","drive.google.com","TCP","54","50517  >  https(443) [ACK] Seq=1 Ack=1 Win=131584 Len=0"
"203","16.386079","192.168.66.42","drive.google.com","TLSv1.3","788","Client Hello"
"204","16.386633","optimizationguide-pa.googleapis.com","192.168.66.42","TLSv1.3","385","Application Data"
"205","16.386633","optimizationguide-pa.googleapis.com","192.168.66.42","TLSv1.3","348","Application Data"
"206","16.386633","optimizationguide-pa.googleapis.com","192.168.66.42","TLSv1.3","288","Application Data"
"207","16.386633","optimizationguide-pa.googleapis.com","192.168.66.42","TLSv1.3","93","Application Data"
"208","16.386633","192.168.66.117","192.168.66.42","DNS","172","Standard query response 0x8825 No such name PTR 243.153.90.20.in-addr.arpa SOA ns1-08.azure-dns.com"
"209","16.386668","192.168.66.42","optimizationguide-pa.googleapis.com","TCP","54","50514  >  https(443) [ACK] Seq=1451 Ack=6641 Win=131584 Len=0"
"210","16.387236","192.168.66.42","optimizationguide-pa.googleapis.com","TLSv1.3","93","Application Data"
"211","16.387529","192.168.66.117","192.168.66.42","DNS","122","Standard query response 0x7bed PTR 188.110.250.142.in-addr.arpa PTR wf-in-f188.1e100.net"
"212","16.419425","192.168.66.42","239.255.255.250","SSDP","220","M-SEARCH * HTTP/1.1 "
"213","16.432039","optimizationguide-pa.googleapis.com","192.168.66.42","TCP","54","https(443)  >  50514 [ACK] Seq=6641 Ack=1490 Win=70144 Len=0"
"214","16.472422","192.168.66.42","239.255.255.250","SSDP","217","M-SEARCH * HTTP/1.1 "
"215","16.539462","drive.google.com","192.168.66.42","TCP","54","https(443)  >  50517 [ACK] Seq=1 Ack=735 Win=67072 Len=0"
"216","16.539462","drive.google.com","192.168.66.42","TLSv1.3","390","Server Hello, Change Cipher Spec, Application Data"
"217","16.540427","192.168.66.42","drive.google.com","TLSv1.3","128","Change Cipher Spec, Application Data"
"218","16.540919","192.168.66.42","drive.google.com","TLSv1.3","152","Application Data"
"219","16.541514","192.168.66.42","drive.google.com","TCP","1440","50517  >  https(443) [ACK] Seq=907 Ack=337 Win=131328 Len=1386 [TCP segment of a reassembled PDU]"
"220","16.541514","192.168.66.42","drive.google.com","TLSv1.3","478","Application Data"
"221","16.748469","drive.google.com","192.168.66.42","TLSv1.3","926","Application Data, Application Data"
"222","16.748469","drive.google.com","192.168.66.42","TCP","54","https(443)  >  50517 [ACK] Seq=337 Ack=2293 Win=69888 Len=0"
"223","16.748469","drive.google.com","192.168.66.42","TLSv1.3","85","Application Data"
"224","16.748545","192.168.66.42","drive.google.com","TCP","54","50517  >  https(443) [ACK] Seq=2717 Ack=1209 Win=130304 Len=0"
"225","16.748581","192.168.66.42","drive.google.com","TCP","54","50517  >  https(443) [ACK] Seq=2717 Ack=1240 Win=130304 Len=0"
"226","16.748707","192.168.66.42","drive.google.com","TLSv1.3","85","Application Data"
"227","16.953085","drive.google.com","192.168.66.42","TCP","54","https(443)  >  50517 [ACK] Seq=1240 Ack=2748 Win=72704 Len=0"
"228","16.988270","192.168.66.42","239.255.255.250","SSDP","179","M-SEARCH * HTTP/1.1 "
"229","17.423566","192.168.66.42","239.255.255.250","SSDP","220","M-SEARCH * HTTP/1.1 "
"230","17.463866","drive.google.com","192.168.66.42","TLSv1.3","832","Application Data"
"231","17.463866","drive.google.com","192.168.66.42","TLSv1.3","1047","Application Data, Application Data"
"232","17.463866","drive.google.com","192.168.66.42","TLSv1.3","124","Application Data, Application Data"
"233","17.463927","192.168.66.42","drive.google.com","TCP","54","50517  >  https(443) [ACK] Seq=2748 Ack=3081 Win=131584 Len=0"
"234","17.465748","192.168.66.42","drive.google.com","TLSv1.3","93","Application Data"
"235","17.486408","192.168.66.42","239.255.255.250","SSDP","217","M-SEARCH * HTTP/1.1 "
"236","17.669448","drive.google.com","192.168.66.42","TCP","54","https(443)  >  50517 [ACK] Seq=3081 Ack=2787 Win=72704 Len=0"
"237","18.349111","192.168.66.42","drive.google.com","TLSv1.3","482","Application Data"
"238","18.349160","192.168.66.42","drive.google.com","TLSv1.3","453","Application Data"
"239","18.418324","192.168.66.42","224.0.0.251","MDNS","82","Standard query 0x0000 PTR _googlecast._tcp.local, ""QM"" question"
"240","18.418442","fe80::5461:2afa:6436:eac8","ff02::fb","MDNS","102","Standard query 0x0000 PTR _googlecast._tcp.local, ""QM"" question"
"241","18.419101","192.168.66.42","224.0.0.251","MDNS","82","Standard query 0x0000 PTR _googlecast._tcp.local, ""QM"" question"
"242","18.419186","fe80::5461:2afa:6436:eac8","ff02::fb","MDNS","102","Standard query 0x0000 PTR _googlecast._tcp.local, ""QM"" question"
"243","18.429708","192.168.66.42","239.255.255.250","SSDP","220","M-SEARCH * HTTP/1.1 "
"244","18.477034","192.168.66.42","224.0.0.251","MDNS","82","Standard query 0x0000 PTR _googlecast._tcp.local, ""QM"" question"
"245","18.477275","fe80::5461:2afa:6436:eac8","ff02::fb","MDNS","102","Standard query 0x0000 PTR _googlecast._tcp.local, ""QM"" question"
"246","18.478170","192.168.66.42","224.0.0.251","MDNS","82","Standard query 0x0000 PTR _googlecast._tcp.local, ""QM"" question"
"247","18.478257","fe80::5461:2afa:6436:eac8","ff02::fb","MDNS","102","Standard query 0x0000 PTR _googlecast._tcp.local, ""QM"" question"
"248","18.499924","192.168.66.42","239.255.255.250","SSDP","217","M-SEARCH * HTTP/1.1 "
"249","18.590393","drive.google.com","192.168.66.42","TCP","54","https(443)  >  50517 [ACK] Seq=3081 Ack=3614 Win=78336 Len=0"
"250","18.693527","drive.google.com","192.168.66.42","TLSv1.2","568","Application Data"
"251","18.693527","drive.google.com","192.168.66.42","TLSv1.2","806","Application Data"
"252","18.693527","drive.google.com","192.168.66.42","TLSv1.2","85","Application Data"
"253","18.693527","drive.google.com","192.168.66.42","TLSv1.2","93","Application Data"
"254","18.693588","192.168.66.42","drive.google.com","TCP","54","50470  >  https(443) [ACK] Seq=3529 Ack=4641 Win=514 Len=0"
"255","18.695587","192.168.66.42","drive.google.com","TLSv1.2","89","Application Data"
"256","18.695639","192.168.66.42","drive.google.com","TLSv1.2","93","Application Data"
"257","18.698792","192.168.66.42","drive.google.com","TLSv1.3","427","Application Data"
"258","18.704207","drive.google.com","192.168.66.42","TLSv1.3","601","Application Data"
"259","18.704207","drive.google.com","192.168.66.42","TLSv1.3","87","Application Data"
"260","18.704207","drive.google.com","192.168.66.42","TLSv1.3","85","Application Data"
"261","18.704258","192.168.66.42","drive.google.com","TCP","54","50517  >  https(443) [ACK] Seq=3987 Ack=3692 Win=130816 Len=0"
"262","18.705165","drive.google.com","192.168.66.42","TLSv1.3","93","Application Data"
"263","18.705223","192.168.66.42","drive.google.com","TCP","54","50517  >  https(443) [ACK] Seq=3987 Ack=3731 Win=130816 Len=0"
"264","18.705466","192.168.66.42","drive.google.com","TLSv1.3","93","Application Data"
"265","18.818447","drive.google.com","192.168.66.42","TCP","54","https(443)  >  50470 [ACK] Seq=4641 Ack=3603 Win=1045 Len=0"
"266","18.821385","drive.google.com","192.168.66.42","TCP","54","https(443)  >  50517 [ACK] Seq=3731 Ack=3987 Win=80896 Len=0"
"267","18.828217","drive.google.com","192.168.66.42","TCP","54","https(443)  >  50517 [ACK] Seq=3731 Ack=4026 Win=80896 Len=0"
"268","19.205264","drive.google.com","192.168.66.42","TLSv1.3","590","Application Data"
"269","19.205264","drive.google.com","192.168.66.42","TLSv1.3","1440","Application Data"
"270","19.205264","drive.google.com","192.168.66.42","TLSv1.3","1440","Application Data"
"271","19.205336","192.168.66.42","drive.google.com","TCP","54","50517  >  https(443) [ACK] Seq=4026 Ack=7039 Win=131584 Len=0"
"272","19.206277","drive.google.com","192.168.66.42","TLSv1.3","1225","Application Data"
"273","19.206277","drive.google.com","192.168.66.42","TLSv1.3","1440","Application Data"
"274","19.206277","drive.google.com","192.168.66.42","TLSv1.3","1440","Application Data"
"275","19.206277","drive.google.com","192.168.66.42","TLSv1.3","1214","Application Data"
"276","19.206277","drive.google.com","192.168.66.42","TLSv1.3","153","Application Data, Application Data"
"277","19.206351","192.168.66.42","drive.google.com","TCP","54","50517  >  https(443) [ACK] Seq=4026 Ack=12241 Win=131584 Len=0"
"278","19.207159","192.168.66.42","drive.google.com","TLSv1.3","93","Application Data"
"279","19.211218","192.168.66.42","drive.google.com","TCP","1440","50517  >  https(443) [ACK] Seq=4065 Ack=12241 Win=131584 Len=1386 [TCP segment of a reassembled PDU]"
"280","19.211218","192.168.66.42","drive.google.com","TLSv1.3","513","Application Data"
"281","19.265050","192.168.66.42","192.168.66.117","DNS","84","Standard query 0x6467 PTR 251.0.0.224.in-addr.arpa"
"282","19.265240","192.168.66.42","192.168.66.117","DNS","132","Standard query 0x0c2c PTR b.f.0.0.0.0.0.0.0.0.0.0.0.0.0.0.0.0.0.0.0.0.0.0.0.0.0.0.2.0.f.f.ip6.arpa"
"283","19.376129","drive.google.com","192.168.66.42","TCP","54","https(443)  >  50517 [ACK] Seq=12241 Ack=4065 Win=80896 Len=0"
"284","19.376129","drive.google.com","192.168.66.42","TCP","54","https(443)  >  50517 [ACK] Seq=12241 Ack=5910 Win=86528 Len=0"
"285","19.377580","192.168.66.117","192.168.66.42","DNS","196","Standard query response 0x0c2c No such name PTR b.f.0.0.0.0.0.0.0.0.0.0.0.0.0.0.0.0.0.0.0.0.0.0.0.0.0.0.2.0.f.f.ip6.arpa SOA b.ip6-servers.arpa"
"286","19.378626","192.168.66.117","192.168.66.42","DNS","141","Standard query response 0x6467 No such name PTR 251.0.0.224.in-addr.arpa SOA sns.dns.icann.org"
"287","19.419767","192.168.66.42","224.0.0.251","MDNS","82","Standard query 0x0000 PTR _googlecast._tcp.local, ""QM"" question"
"288","19.419858","fe80::5461:2afa:6436:eac8","ff02::fb","MDNS","102","Standard query 0x0000 PTR _googlecast._tcp.local, ""QM"" question"
"289","19.420585","192.168.66.42","224.0.0.251","MDNS","82","Standard query 0x0000 PTR _googlecast._tcp.local, ""QM"" question"
"290","19.420667","fe80::5461:2afa:6436:eac8","ff02::fb","MDNS","102","Standard query 0x0000 PTR _googlecast._tcp.local, ""QM"" question"
"291","19.485256","192.168.66.42","224.0.0.251","MDNS","82","Standard query 0x0000 PTR _googlecast._tcp.local, ""QM"" question"
"292","19.485392","fe80::5461:2afa:6436:eac8","ff02::fb","MDNS","102","Standard query 0x0000 PTR _googlecast._tcp.local, ""QM"" question"
"293","19.486247","192.168.66.42","224.0.0.251","MDNS","82","Standard query 0x0000 PTR _googlecast._tcp.local, ""QM"" question"
"294","19.486350","fe80::5461:2afa:6436:eac8","ff02::fb","MDNS","102","Standard query 0x0000 PTR _googlecast._tcp.local, ""QM"" question"
"295","19.997915","192.168.66.42","239.255.255.250","SSDP","179","M-SEARCH * HTTP/1.1 "
"296","20.104181","192.168.66.42","optimizationguide-pa.googleapis.com","TCP","54","50514  >  https(443) [FIN, ACK] Seq=1490 Ack=6641 Win=131584 Len=0"
"297","20.107777","fe80::5461:2afa:6436:eac8","ff02::c","UDP","1158","64498  >  ws-discovery(3702) Len=1096"
"298","20.107864","192.168.66.42","239.255.255.250","UDP","1124","64497  >  ws-discovery(3702) Len=1082"
"299","20.163781","optimizationguide-pa.googleapis.com","192.168.66.42","TCP","54","https(443)  >  50514 [FIN, ACK] Seq=6641 Ack=1491 Win=70144 Len=0"
"300","20.163831","192.168.66.42","optimizationguide-pa.googleapis.com","TCP","54","50514  >  https(443) [ACK] Seq=1491 Ack=6642 Win=131584 Len=0"
"301","20.231799","fe80::5461:2afa:6436:eac8","ff02::c","UDP","1158","64498  >  ws-discovery(3702) Len=1096"
"302","20.340611","192.168.66.42","239.255.255.250","UDP","1124","64497  >  ws-discovery(3702) Len=1082"
"303","20.465115","fe80::5461:2afa:6436:eac8","ff02::c","UDP","1158","64498  >  ws-discovery(3702) Len=1096"
"304","20.790824","192.168.66.42","239.255.255.250","UDP","1124","64497  >  ws-discovery(3702) Len=1082"
"305","20.930680","fe80::5461:2afa:6436:eac8","ff02::c","UDP","1158","64498  >  ws-discovery(3702) Len=1096"
"306","21.243663","192.168.66.42","239.255.255.250","UDP","1124","64497  >  ws-discovery(3702) Len=1082"
"307","21.422193","192.168.66.42","224.0.0.251","MDNS","82","Standard query 0x0000 PTR _googlecast._tcp.local, ""QM"" question"
"308","21.422303","fe80::5461:2afa:6436:eac8","ff02::fb","MDNS","102","Standard query 0x0000 PTR _googlecast._tcp.local, ""QM"" question"
"309","21.423027","192.168.66.42","224.0.0.251","MDNS","82","Standard query 0x0000 PTR _googlecast._tcp.local, ""QM"" question"
"310","21.423089","fe80::5461:2afa:6436:eac8","ff02::fb","MDNS","102","Standard query 0x0000 PTR _googlecast._tcp.local, ""QM"" question"
"311","21.493376","192.168.66.42","224.0.0.251","MDNS","82","Standard query 0x0000 PTR _googlecast._tcp.local, ""QM"" question"
"312","21.493686","fe80::5461:2afa:6436:eac8","ff02::fb","MDNS","102","Standard query 0x0000 PTR _googlecast._tcp.local, ""QM"" question"
"313","21.495109","192.168.66.42","224.0.0.251","MDNS","82","Standard query 0x0000 PTR _googlecast._tcp.local, ""QM"" question"
"314","21.495266","fe80::5461:2afa:6436:eac8","ff02::fb","MDNS","102","Standard query 0x0000 PTR _googlecast._tcp.local, ""QM"" question"
"315","21.654461","192.168.66.42","239.255.255.250","SSDP","220","M-SEARCH * HTTP/1.1 "
"316","21.657007","192.168.66.42","239.255.255.250","SSDP","217","M-SEARCH * HTTP/1.1 "
"317","22.132889","192.168.66.42","mobile-gtalk.l.google.com","TCP","66","50541  >  https(443) [SYN] Seq=0 Win=64240 Len=0 MSS=1460 WS=256 SACK_PERM=1"
"318","22.133133","192.168.66.42","drive.google.com","TCP","66","50542  >  https(443) [SYN] Seq=0 Win=64240 Len=0 MSS=1460 WS=256 SACK_PERM=1"
"319","22.380270","drive.google.com","192.168.66.42","TCP","66","https(443)  >  50542 [SYN, ACK] Seq=0 Ack=1 Win=65535 Len=0 MSS=1386 SACK_PERM=1 WS=256"
"320","22.380270","mobile-gtalk.l.google.com","192.168.66.42","TCP","66","https(443)  >  50541 [SYN, ACK] Seq=0 Ack=1 Win=65535 Len=0 MSS=1386 SACK_PERM=1 WS=256"
"321","22.380384","192.168.66.42","drive.google.com","TCP","54","50542  >  https(443) [ACK] Seq=1 Ack=1 Win=131584 Len=0"
"322","22.380415","192.168.66.42","mobile-gtalk.l.google.com","TCP","54","50541  >  https(443) [ACK] Seq=1 Ack=1 Win=131584 Len=0"
"323","22.380756","192.168.66.42","drive.google.com","TLSv1.3","788","Client Hello"
"324","22.381143","192.168.66.42","mobile-gtalk.l.google.com","TLSv1.3","571","Client Hello"
"325","22.447554","192.168.66.42","drive.google.com","TCP","66","50543  >  https(443) [SYN] Seq=0 Win=64240 Len=0 MSS=1460 WS=256 SACK_PERM=1"
"326","22.583959","drive.google.com","192.168.66.42","TCP","54","https(443)  >  50542 [ACK] Seq=1 Ack=735 Win=67072 Len=0"
"327","22.583959","mobile-gtalk.l.google.com","192.168.66.42","TLSv1.3","1440","Server Hello, Change Cipher Spec"
"328","22.583959","mobile-gtalk.l.google.com","192.168.66.42","TCP","1440","https(443)  >  50541 [PSH, ACK] Seq=1387 Ack=518 Win=66816 Len=1386 [TCP segment of a reassembled PDU]"
"329","22.583959","mobile-gtalk.l.google.com","192.168.66.42","TCP","1440","https(443)  >  50541 [ACK] Seq=2773 Ack=518 Win=66816 Len=1386 [TCP segment of a reassembled PDU]"
"330","22.584044","192.168.66.42","mobile-gtalk.l.google.com","TCP","54","50541  >  https(443) [ACK] Seq=518 Ack=4159 Win=131584 Len=0"
"331","22.584961","mobile-gtalk.l.google.com","192.168.66.42","TCP","1440","https(443)  >  50541 [PSH, ACK] Seq=4159 Ack=518 Win=66816 Len=1386 [TCP segment of a reassembled PDU]"
"332","22.584961","mobile-gtalk.l.google.com","192.168.66.42","TLSv1.3","1196","Application Data"
"333","22.584961","drive.google.com","192.168.66.42","TLSv1.3","390","Server Hello, Change Cipher Spec, Application Data"
"334","22.584992","192.168.66.42","mobile-gtalk.l.google.com","TCP","54","50541  >  https(443) [ACK] Seq=518 Ack=6687 Win=131584 Len=0"
"335","22.585455","192.168.66.42","drive.google.com","TLSv1.3","128","Change Cipher Spec, Application Data"
"336","22.586387","192.168.66.42","mobile-gtalk.l.google.com","TLSv1.3","118","Change Cipher Spec, Application Data"
"337","22.586765","192.168.66.42","drive.google.com","TLSv1.3","152","Application Data"
"338","22.586916","192.168.66.42","mobile-gtalk.l.google.com","TLSv1.3","299","Application Data"
"339","22.587069","192.168.66.42","drive.google.com","TCP","1440","50542  >  https(443) [ACK] Seq=907 Ack=337 Win=131328 Len=1386 [TCP segment of a reassembled PDU]"
"340","22.587069","192.168.66.42","drive.google.com","TLSv1.3","572","Application Data"
"341","22.587112","192.168.66.42","drive.google.com","TLSv1.3","212","Application Data"
"342","22.587127","192.168.66.42","drive.google.com","TLSv1.3","88","Application Data"
"343","22.587141","192.168.66.42","drive.google.com","TLSv1.3","88","Application Data"
"344","22.590238","drive.google.com","192.168.66.42","TCP","66","https(443)  >  50543 [SYN, ACK] Seq=0 Ack=1 Win=65535 Len=0 MSS=1386 SACK_PERM=1 WS=256"
"345","22.658796","192.168.66.42","239.255.255.250","SSDP","220","M-SEARCH * HTTP/1.1 "
"346","22.664115","192.168.66.42","239.255.255.250","SSDP","217","M-SEARCH * HTTP/1.1 "
"347","22.788540","drive.google.com","192.168.66.42","TLSv1.3","926","Application Data, Application Data"
"348","22.788790","192.168.66.42","drive.google.com","TLSv1.3","85","Application Data"
"349","22.789494","mobile-gtalk.l.google.com","192.168.66.42","TCP","54","https(443)  >  50541 [ACK] Seq=6687 Ack=827 Win=67840 Len=0"
"350","22.789494","mobile-gtalk.l.google.com","192.168.66.42","TLSv1.3","589","Application Data, Application Data"
"351","22.789494","mobile-gtalk.l.google.com","192.168.66.42","TLSv1.3","142","Application Data"
"352","22.789494","mobile-gtalk.l.google.com","192.168.66.42","TLSv1.3","88","Application Data"
"353","22.789494","drive.google.com","192.168.66.42","TLSv1.3","85","Application Data"
"354","22.789529","192.168.66.42","mobile-gtalk.l.google.com","TCP","54","50541  >  https(443) [ACK] Seq=827 Ack=7344 Win=130816 Len=0"
"355","22.837902","192.168.66.42","drive.google.com","TCP","54","50542  >  https(443) [ACK] Seq=3068 Ack=1240 Win=130304 Len=0"
"356","22.888583","drive.google.com","192.168.66.42","TCP","66","[TCP Retransmission] https(443)  >  50543 [SYN, ACK] Seq=0 Ack=1 Win=65535 Len=0 MSS=1386 SACK_PERM=1 WS=256"
"357","22.890594","drive.google.com","192.168.66.42","TLSv1.2","563","Application Data"
"358","22.890594","drive.google.com","192.168.66.42","TLSv1.2","88","Application Data"
"359","22.890594","drive.google.com","192.168.66.42","TLSv1.2","85","Application Data"
"360","22.890764","192.168.66.42","drive.google.com","TCP","54","50470  >  https(443) [ACK] Seq=3603 Ack=5215 Win=512 Len=0"
"361","22.891504","drive.google.com","192.168.66.42","TLSv1.2","93","Application Data"
"362","22.891547","192.168.66.42","drive.google.com","TCP","54","50470  >  https(443) [ACK] Seq=3603 Ack=5254 Win=511 Len=0"
"363","22.892247","192.168.66.42","drive.google.com","TLSv1.2","93","Application Data"
"364","22.896191","192.168.66.42","drive.google.com","TLSv1.3","424","Application Data"
"365","22.914944","drive.google.com","192.168.66.42","TCP","54","https(443)  >  50542 [ACK] Seq=1240 Ack=3068 Win=75520 Len=0"
"366","22.933108","drive.google.com","192.168.66.42","TLSv1.3","847","Application Data"
"367","22.933108","drive.google.com","192.168.66.42","TLSv1.3","87","Application Data"
"368","22.933108","drive.google.com","192.168.66.42","TLSv1.3","85","Application Data"
"369","22.933108","drive.google.com","192.168.66.42","TLSv1.3","93","Application Data"
"370","22.933183","192.168.66.42","drive.google.com","TCP","54","50542  >  https(443) [ACK] Seq=3438 Ack=2136 Win=131584 Len=0"
"371","22.934296","192.168.66.42","drive.google.com","TLSv1.3","93","Application Data"
"372","23.018246","192.168.66.42","239.255.255.250","SSDP","179","M-SEARCH * HTTP/1.1 "
"373","23.040015","drive.google.com","192.168.66.42","TCP","54","https(443)  >  50470 [ACK] Seq=5254 Ack=3642 Win=1045 Len=0"
"374","23.040015","drive.google.com","192.168.66.42","TCP","54","https(443)  >  50542 [ACK] Seq=2136 Ack=3438 Win=78336 Len=0"
"375","23.056614","drive.google.com","192.168.66.42","TCP","54","https(443)  >  50542 [ACK] Seq=2136 Ack=3477 Win=78336 Len=0"
"376","23.403821","drive.google.com","192.168.66.42","TLSv1.2","565","Application Data"
"377","23.403821","drive.google.com","192.168.66.42","TLSv1.2","88","Application Data"
"378","23.403821","drive.google.com","192.168.66.42","TLSv1.2","85","Application Data"
"379","23.403821","drive.google.com","192.168.66.42","TLSv1.2","93","Application Data"
"380","23.403878","192.168.66.42","drive.google.com","TCP","54","50470  >  https(443) [ACK] Seq=3642 Ack=5869 Win=509 Len=0"
"381","23.404754","drive.google.com","192.168.66.42","TLSv1.3","566","Application Data"
"382","23.404754","drive.google.com","192.168.66.42","TLSv1.3","87","Application Data"
"383","23.404754","drive.google.com","192.168.66.42","TLSv1.3","85","Application Data"
"384","23.404754","drive.google.com","192.168.66.42","TLSv1.3","93","Application Data"
"385","23.404811","192.168.66.42","drive.google.com","TCP","54","50542  >  https(443) [ACK] Seq=3477 Ack=2751 Win=130816 Len=0"
"386","23.405793","192.168.66.42","drive.google.com","TLSv1.2","93","Application Data"
"387","23.405970","192.168.66.42","drive.google.com","TLSv1.3","93","Application Data"
"388","23.407772","192.168.66.42","drive.google.com","TLSv1.3","429","Application Data"
"389","23.525865","drive.google.com","192.168.66.42","TCP","54","https(443)  >  50470 [ACK] Seq=5869 Ack=3681 Win=1045 Len=0"
"390","23.531720","drive.google.com","192.168.66.42","TCP","54","https(443)  >  50542 [ACK] Seq=2751 Ack=3891 Win=80896 Len=0"
"391","23.665081","192.168.66.42","239.255.255.250","SSDP","220","M-SEARCH * HTTP/1.1 "
"392","23.665095","192.168.66.42","239.255.255.250","SSDP","217","M-SEARCH * HTTP/1.1 "
"393","24.635628","192.168.66.42","192.168.66.117","DNS","75","Standard query 0x0e7e A play.google.com"
"394","24.656783","192.168.66.42","224.0.0.251","MDNS","82","Standard query 0x0000 PTR _googlecast._tcp.local, ""QM"" question"
"395","24.656882","fe80::5461:2afa:6436:eac8","ff02::fb","MDNS","102","Standard query 0x0000 PTR _googlecast._tcp.local, ""QM"" question"
"396","24.657506","192.168.66.42","224.0.0.251","MDNS","82","Standard query 0x0000 PTR _googlecast._tcp.local, ""QM"" question"
"397","24.657568","fe80::5461:2afa:6436:eac8","ff02::fb","MDNS","102","Standard query 0x0000 PTR _googlecast._tcp.local, ""QM"" question"
"398","24.670072","192.168.66.42","239.255.255.250","SSDP","217","M-SEARCH * HTTP/1.1 "
"399","24.670432","192.168.66.42","239.255.255.250","SSDP","220","M-SEARCH * HTTP/1.1 "
"400","24.670998","192.168.66.42","224.0.0.251","MDNS","82","Standard query 0x0000 PTR _googlecast._tcp.local, ""QM"" question"
"401","24.671084","fe80::5461:2afa:6436:eac8","ff02::fb","MDNS","102","Standard query 0x0000 PTR _googlecast._tcp.local, ""QM"" question"
"402","24.671652","192.168.66.42","224.0.0.251","MDNS","82","Standard query 0x0000 PTR _googlecast._tcp.local, ""QM"" question"
"403","24.671711","fe80::5461:2afa:6436:eac8","ff02::fb","MDNS","102","Standard query 0x0000 PTR _googlecast._tcp.local, ""QM"" question"
"404","24.675180","192.168.66.42","192.168.66.117","DNS","75","Standard query 0x0e7e A play.google.com"
"405","24.683193","192.168.66.117","192.168.66.42","DNS","91","Standard query response 0x0e7e A play.google.com A 142.250.200.14"
"406","24.684891","192.168.66.42","play.google.com","QUIC","1292","Initial, DCID=296d3690622f6899, PKN: 1, PING, CRYPTO, PADDING, CRYPTO, PING, CRYPTO, PADDING, CRYPTO, PING, CRYPTO, PING, PING, PING, PADDING, PING, PADDING"
"407","24.685113","192.168.66.42","play.google.com","TCP","66","50554  >  https(443) [SYN] Seq=0 Win=64240 Len=0 MSS=1460 WS=256 SACK_PERM=1"
"408","24.834591","play.google.com","192.168.66.42","TCP","66","https(443)  >  50554 [SYN, ACK] Seq=0 Ack=1 Win=65535 Len=0 MSS=1386 SACK_PERM=1 WS=256"
"409","24.834748","192.168.66.42","play.google.com","TCP","54","50554  >  https(443) [ACK] Seq=1 Ack=1 Win=131584 Len=0"
"410","24.835183","192.168.66.42","play.google.com","TLSv1","571","Client Hello"
"411","24.839471","play.google.com","192.168.66.42","TCP","54","https(443)  >  50554 [RST, ACK] Seq=1 Ack=518 Win=131584 Len=0"
"412","24.839869","192.168.66.42","play.google.com","TCP","66","50555  >  https(443) [SYN] Seq=0 Win=64240 Len=0 MSS=1460 WS=256 SACK_PERM=1"
"413","24.938067","drive.google.com","192.168.66.42","TCP","66","[TCP Retransmission] https(443)  >  50543 [SYN, ACK] Seq=0 Ack=1 Win=65535 Len=0 MSS=1386 SACK_PERM=1 WS=256"
"414","24.940577","192.168.66.42","play.google.com","TCP","66","50556  >  https(443) [SYN] Seq=0 Win=64240 Len=0 MSS=1460 WS=256 SACK_PERM=1"
"415","24.971777","play.google.com","192.168.66.42","TCP","66","https(443)  >  50555 [SYN, ACK] Seq=0 Ack=1 Win=65535 Len=0 MSS=1386 SACK_PERM=1 WS=256"
"416","24.971839","192.168.66.42","play.google.com","TCP","54","50555  >  https(443) [ACK] Seq=1 Ack=1 Win=131584 Len=0"
"417","24.972344","192.168.66.42","play.google.com","TLSv1","571","Client Hello"
"418","24.977163","play.google.com","192.168.66.42","TCP","54","https(443)  >  50555 [RST, ACK] Seq=1 Ack=518 Win=131584 Len=0"
"419","24.986395","192.168.66.42","play.google.com","QUIC","1292","Initial, DCID=296d3690622f6899, PKN: 3, PADDING, PING, CRYPTO, CRYPTO, CRYPTO, CRYPTO, PING, PING, CRYPTO, CRYPTO, CRYPTO, PADDING, PING, CRYPTO, PADDING"
"420","25.092375","play.google.com","192.168.66.42","TCP","66","https(443)  >  50556 [SYN, ACK] Seq=0 Ack=1 Win=65535 Len=0 MSS=1386 SACK_PERM=1 WS=256"
"421","25.092429","192.168.66.42","play.google.com","TCP","54","50556  >  https(443) [ACK] Seq=1 Ack=1 Win=131584 Len=0"
"422","25.092715","192.168.66.42","play.google.com","TLSv1","571","Client Hello"
"423","25.097746","play.google.com","192.168.66.42","TCP","54","https(443)  >  50556 [RST, ACK] Seq=1 Ack=518 Win=131584 Len=0"
"424","25.098202","192.168.66.42","play.google.com","TCP","66","50557  >  https(443) [SYN] Seq=0 Win=64240 Len=0 MSS=1460 WS=256 SACK_PERM=1"
"425","25.222309","play.google.com","192.168.66.42","TCP","66","https(443)  >  50557 [SYN, ACK] Seq=0 Ack=1 Win=65535 Len=0 MSS=1386 SACK_PERM=1 WS=256"
"426","25.222379","192.168.66.42","play.google.com","TCP","54","50557  >  https(443) [ACK] Seq=1 Ack=1 Win=131584 Len=0"
"427","25.222767","192.168.66.42","play.google.com","TLSv1","571","Client Hello"
"428","25.228118","play.google.com","192.168.66.42","TCP","54","https(443)  >  50557 [RST, ACK] Seq=1 Ack=518 Win=131584 Len=0"
"429","25.594652","192.168.66.42","play.google.com","QUIC","1292","Initial, DCID=296d3690622f6899, PKN: 5, PADDING, PING, CRYPTO, CRYPTO, CRYPTO, PING, PING, PING, PING, PADDING, CRYPTO, CRYPTO, CRYPTO, PING, PADDING, CRYPTO, PADDING, CRYPTO"
"430","25.662312","192.168.66.42","224.0.0.251","MDNS","82","Standard query 0x0000 PTR _googlecast._tcp.local, ""QM"" question"
"431","25.662409","fe80::5461:2afa:6436:eac8","ff02::fb","MDNS","102","Standard query 0x0000 PTR _googlecast._tcp.local, ""QM"" question"
"432","25.663063","192.168.66.42","224.0.0.251","MDNS","82","Standard query 0x0000 PTR _googlecast._tcp.local, ""QM"" question"
"433","25.663134","fe80::5461:2afa:6436:eac8","ff02::fb","MDNS","102","Standard query 0x0000 PTR _googlecast._tcp.local, ""QM"" question"
"434","25.673395","192.168.66.42","224.0.0.251","MDNS","82","Standard query 0x0000 PTR _googlecast._tcp.local, ""QM"" question"
"435","25.673561","fe80::5461:2afa:6436:eac8","ff02::fb","MDNS","102","Standard query 0x0000 PTR _googlecast._tcp.local, ""QM"" question"
"436","25.674295","192.168.66.42","224.0.0.251","MDNS","82","Standard query 0x0000 PTR _googlecast._tcp.local, ""QM"" question"
"437","25.674373","fe80::5461:2afa:6436:eac8","ff02::fb","MDNS","102","Standard query 0x0000 PTR _googlecast._tcp.local, ""QM"" question"
"438","25.800086","192.168.66.42","192.168.66.117","DNS","79","Standard query 0x5b0c A clients4.google.com"
"439","25.823402","192.168.66.117","192.168.66.42","DNS","119","Standard query response 0x5b0c A clients4.google.com CNAME clients.l.google.com A 172.217.16.206"
"440","25.823973","192.168.66.42","clients.l.google.com","TCP","66","50558  >  https(443) [SYN] Seq=0 Win=64240 Len=0 MSS=1460 WS=256 SACK_PERM=1"
"441","25.936230","clients.l.google.com","192.168.66.42","TCP","66","https(443)  >  50558 [SYN, ACK] Seq=0 Ack=1 Win=65535 Len=0 MSS=1386 SACK_PERM=1 WS=256"
"442","25.936297","192.168.66.42","clients.l.google.com","TCP","54","50558  >  https(443) [ACK] Seq=1 Ack=1 Win=131584 Len=0"
"443","25.936652","192.168.66.42","clients.l.google.com","TLSv1.3","776","Client Hello"
"444","26.031940","192.168.66.42","239.255.255.250","SSDP","179","M-SEARCH * HTTP/1.1 "
"445","26.047573","clients.l.google.com","192.168.66.42","TCP","54","https(443)  >  50558 [ACK] Seq=1 Ack=723 Win=67072 Len=0"
"446","26.055939","clients.l.google.com","192.168.66.42","TLSv1.3","1440","Server Hello, Change Cipher Spec"
"447","26.056993","clients.l.google.com","192.168.66.42","TCP","1440","https(443)  >  50558 [PSH, ACK] Seq=1387 Ack=723 Win=67072 Len=1386 [TCP segment of a reassembled PDU]"
"448","26.056993","clients.l.google.com","192.168.66.42","TCP","1440","https(443)  >  50558 [ACK] Seq=2773 Ack=723 Win=67072 Len=1386 [TCP segment of a reassembled PDU]"
"449","26.056993","clients.l.google.com","192.168.66.42","TCP","1440","https(443)  >  50558 [PSH, ACK] Seq=4159 Ack=723 Win=67072 Len=1386 [TCP segment of a reassembled PDU]"
"450","26.056993","clients.l.google.com","192.168.66.42","TLSv1.3","1324","Application Data"
"451","26.057024","192.168.66.42","clients.l.google.com","TCP","54","50558  >  https(443) [ACK] Seq=723 Ack=6815 Win=131584 Len=0"
"452","26.058069","192.168.66.42","clients.l.google.com","TLSv1.3","128","Change Cipher Spec, Application Data"
"453","26.058197","192.168.66.42","clients.l.google.com","TLSv1.3","152","Application Data"
"454","26.058306","192.168.66.42","clients.l.google.com","TLSv1.3","645","Application Data"
"455","26.058327","192.168.66.42","clients.l.google.com","TLSv1.3","1379","Application Data"
"456","26.168189","clients.l.google.com","192.168.66.42","TLSv1.3","914","Application Data, Application Data"
"457","26.168189","clients.l.google.com","192.168.66.42","TLSv1.3","85","Application Data"
"458","26.168245","192.168.66.42","clients.l.google.com","TCP","54","50558  >  https(443) [ACK] Seq=2811 Ack=7706 Win=130560 Len=0"
"459","26.168436","192.168.66.42","clients.l.google.com","TLSv1.3","85","Application Data"
"460","26.174516","clients.l.google.com","192.168.66.42","TCP","54","https(443)  >  50558 [ACK] Seq=7706 Ack=2811 Win=71168 Len=0"
"461","26.277112","clients.l.google.com","192.168.66.42","TLSv1.3","495","Application Data"
"462","26.277112","clients.l.google.com","192.168.66.42","TLSv1.3","740","Application Data, Application Data"
"463","26.277112","clients.l.google.com","192.168.66.42","TLSv1.3","301","Application Data"
"464","26.277112","clients.l.google.com","192.168.66.42","TLSv1.3","93","Application Data"
"465","26.277181","192.168.66.42","clients.l.google.com","TCP","54","50558  >  https(443) [ACK] Seq=2842 Ack=9119 Win=131584 Len=0"
"466","26.278172","192.168.66.42","clients.l.google.com","TLSv1.3","93","Application Data"
"467","26.279011","clients.l.google.com","192.168.66.42","TCP","54","https(443)  >  50558 [ACK] Seq=9119 Ack=2842 Win=71168 Len=0"
"468","26.388911","clients.l.google.com","192.168.66.42","TCP","54","https(443)  >  50558 [ACK] Seq=9119 Ack=2881 Win=71168 Len=0"
"469","26.795183","192.168.66.42","play.google.com","QUIC","1292","Initial, DCID=296d3690622f6899, PKN: 7, CRYPTO, PADDING, CRYPTO, PING, PADDING, PING, PADDING, CRYPTO, CRYPTO, PADDING, CRYPTO"
"470","27.089173","lhr25s31-in-f10.1e100.net","192.168.66.42","TLSv1.2","138","Application Data"
"471","27.090483","192.168.66.42","lhr25s31-in-f10.1e100.net","TLSv1.2","89","Application Data"
"472","27.090512","192.168.66.42","lhr25s31-in-f10.1e100.net","TLSv1.2","89","Application Data"
"473","27.216580","lhr25s31-in-f10.1e100.net","192.168.66.42","TCP","54","https(443)  >  50473 [ACK] Seq=169 Ack=141 Win=360 Len=0"
"474","27.571161","d6:ae:3e:47:24:fa","MS-NLB-PhysServer-32_0e:6c:72:17:05","ARP","42","Who has 192.168.66.42? Tell 192.168.66.117"
"475","27.571179","MS-NLB-PhysServer-32_0e:6c:72:17:05","d6:ae:3e:47:24:fa","ARP","42","192.168.66.42 is at 02:2e:6c:72:17:05"
"476","27.667362","192.168.66.42","224.0.0.251","MDNS","82","Standard query 0x0000 PTR _googlecast._tcp.local, ""QM"" question"
"477","27.667455","fe80::5461:2afa:6436:eac8","ff02::fb","MDNS","102","Standard query 0x0000 PTR _googlecast._tcp.local, ""QM"" question"
"478","27.668232","192.168.66.42","224.0.0.251","MDNS","82","Standard query 0x0000 PTR _googlecast._tcp.local, ""QM"" question"
"479","27.668400","fe80::5461:2afa:6436:eac8","ff02::fb","MDNS","102","Standard query 0x0000 PTR _googlecast._tcp.local, ""QM"" question"
"480","27.683467","192.168.66.42","224.0.0.251","MDNS","82","Standard query 0x0000 PTR _googlecast._tcp.local, ""QM"" question"
"481","27.683574","fe80::5461:2afa:6436:eac8","ff02::fb","MDNS","102","Standard query 0x0000 PTR _googlecast._tcp.local, ""QM"" question"
"482","27.684257","192.168.66.42","224.0.0.251","MDNS","82","Standard query 0x0000 PTR _googlecast._tcp.local, ""QM"" question"
"483","27.684331","fe80::5461:2afa:6436:eac8","ff02::fb","MDNS","102","Standard query 0x0000 PTR _googlecast._tcp.local, ""QM"" question"
"484","28.693985","192.168.66.42","play.google.com","QUIC","1292","Initial, DCID=296d3690622f6899, PKN: 8, CC, PADDING"
"485","29.032728","drive.google.com","192.168.66.42","TCP","66","[TCP Retransmission] https(443)  >  50543 [SYN, ACK] Seq=0 Ack=1 Win=65535 Len=0 MSS=1386 SACK_PERM=1 WS=256"
"486","29.035482","192.168.66.42","239.255.255.250","SSDP","179","M-SEARCH * HTTP/1.1 "
"487","30.120105","fe80::5461:2afa:6436:eac8","ff02::c","UDP","718","53413  >  ws-discovery(3702) Len=656"
"488","30.120534","192.168.66.42","239.255.255.250","UDP","698","53412  >  ws-discovery(3702) Len=656"
"489","30.230185","192.168.66.42","192.168.66.117","DNS","76","Standard query 0x9b3a A drive.google.com"
"490","30.257737","192.168.66.42","239.255.255.250","UDP","698","53412  >  ws-discovery(3702) Len=656"
"491","30.262742","192.168.66.117","192.168.66.42","DNS","92","Standard query response 0x9b3a A drive.google.com A 142.250.179.238"
"492","30.263753","192.168.66.42","drive.google.com","TCP","66","50569  >  https(443) [SYN] Seq=0 Win=64240 Len=0 MSS=1460 WS=256 SACK_PERM=1"
"493","30.289895","fe80::5461:2afa:6436:eac8","ff02::c","UDP","718","53413  >  ws-discovery(3702) Len=656"
"494","30.468332","drive.google.com","192.168.66.42","TCP","66","https(443)  >  50569 [SYN, ACK] Seq=0 Ack=1 Win=65535 Len=0 MSS=1386 SACK_PERM=1 WS=256"
"495","30.468429","192.168.66.42","drive.google.com","TCP","54","50569  >  https(443) [ACK] Seq=1 Ack=1 Win=131584 Len=0"
"496","30.468863","192.168.66.42","drive.google.com","TLSv1.3","770","Client Hello"
"497","30.537643","192.168.66.42","239.255.255.250","UDP","698","53412  >  ws-discovery(3702) Len=656"
"498","30.615459","fe80::5461:2afa:6436:eac8","ff02::c","UDP","718","53413  >  ws-discovery(3702) Len=656"
"499","30.674569","drive.google.com","192.168.66.42","TCP","54","https(443)  >  50569 [ACK] Seq=1 Ack=717 Win=67072 Len=0"
"500","30.674569","drive.google.com","192.168.66.42","TLSv1.3","1440","Server Hello, Change Cipher Spec"
"501","30.674569","drive.google.com","192.168.66.42","TCP","1440","https(443)  >  50569 [PSH, ACK] Seq=1387 Ack=717 Win=67072 Len=1386 [TCP segment of a reassembled PDU]"
"502","30.674569","drive.google.com","192.168.66.42","TCP","1440","https(443)  >  50569 [ACK] Seq=2773 Ack=717 Win=67072 Len=1386 [TCP segment of a reassembled PDU]"
"503","30.674665","192.168.66.42","drive.google.com","TCP","54","50569  >  https(443) [ACK] Seq=717 Ack=4159 Win=131584 Len=0"
"504","30.675460","drive.google.com","192.168.66.42","TCP","1440","https(443)  >  50569 [PSH, ACK] Seq=4159 Ack=717 Win=67072 Len=1386 [TCP segment of a reassembled PDU]"
"505","30.675460","drive.google.com","192.168.66.42","TLSv1.3","1320","Application Data"
"506","30.675484","192.168.66.42","drive.google.com","TCP","54","50569  >  https(443) [ACK] Seq=717 Ack=6811 Win=131584 Len=0"
"507","30.677604","192.168.66.42","drive.google.com","TLSv1.3","128","Change Cipher Spec, Application Data"
"508","30.677939","192.168.66.42","drive.google.com","TLSv1.3","152","Application Data"
"509","30.678551","192.168.66.42","drive.google.com","TCP","1440","50569  >  https(443) [ACK] Seq=889 Ack=6811 Win=131584 Len=1386 [TCP segment of a reassembled PDU]"
"510","30.678551","192.168.66.42","drive.google.com","TLSv1.3","979","Application Data"
"511","30.678637","192.168.66.42","drive.google.com","TCP","1440","50569  >  https(443) [ACK] Seq=3200 Ack=6811 Win=131584 Len=1386 [TCP segment of a reassembled PDU]"
"512","30.678637","192.168.66.42","drive.google.com","TLSv1.3","950","Application Data"
"513","30.878529","drive.google.com","192.168.66.42","TLSv1.3","908","Application Data, Application Data"
"514","30.878529","drive.google.com","192.168.66.42","TLSv1.3","85","Application Data"
"515","30.878529","drive.google.com","192.168.66.42","TCP","54","https(443)  >  50569 [ACK] Seq=7696 Ack=5482 Win=78080 Len=0"
"516","30.878596","192.168.66.42","drive.google.com","TCP","54","50569  >  https(443) [ACK] Seq=5482 Ack=7696 Win=130560 Len=0"
"517","30.878759","192.168.66.42","drive.google.com","TLSv1.3","85","Application Data"
"518","30.918618","drive.google.com","192.168.66.42","TLSv1.3","1169","Application Data"
"519","30.918618","drive.google.com","192.168.66.42","TLSv1.3","856","Application Data, Application Data, Application Data"
"520","30.918618","drive.google.com","192.168.66.42","TLSv1.3","93","Application Data"
"521","30.918667","192.168.66.42","drive.google.com","TCP","54","50569  >  https(443) [ACK] Seq=5513 Ack=9652 Win=131584 Len=0"
"522","30.919672","192.168.66.42","drive.google.com","TLSv1.3","93","Application Data"
"523","31.015764","drive.google.com","192.168.66.42","TCP","54","https(443)  >  50569 [ACK] Seq=9652 Ack=5513 Win=78080 Len=0"
"524","31.050376","drive.google.com","192.168.66.42","TCP","54","https(443)  >  50569 [ACK] Seq=9652 Ack=5552 Win=78080 Len=0"
"525","31.083741","192.168.66.42","239.255.255.250","UDP","698","53412  >  ws-discovery(3702) Len=656"
"526","31.270300","fe80::5461:2afa:6436:eac8","ff02::c","UDP","718","53413  >  ws-discovery(3702) Len=656"
"527","32.170380","192.168.66.42","239.255.255.250","UDP","698","53412  >  ws-discovery(3702) Len=656"
"528","32.556728","fe80::5461:2afa:6436:eac8","ff02::c","UDP","718","53413  >  ws-discovery(3702) Len=656"
"529","32.918978","192.168.66.42","192.168.66.117","DNS","79","Standard query 0x81e8 A clients6.google.com"
"530","32.941219","192.168.66.117","192.168.66.42","DNS","119","Standard query response 0x81e8 A clients6.google.com CNAME clients.l.google.com A 172.217.16.206"
"531","32.941947","192.168.66.42","clients.l.google.com","TCP","66","50570  >  https(443) [SYN] Seq=0 Win=64240 Len=0 MSS=1460 WS=256 SACK_PERM=1"
"532","33.129296","clients.l.google.com","192.168.66.42","TCP","66","https(443)  >  50570 [SYN, ACK] Seq=0 Ack=1 Win=65535 Len=0 MSS=1386 SACK_PERM=1 WS=256"
"533","33.129389","192.168.66.42","clients.l.google.com","TCP","54","50570  >  https(443) [ACK] Seq=1 Ack=1 Win=131584 Len=0"
"534","33.129859","192.168.66.42","clients.l.google.com","TLSv1.3","776","Client Hello"
"535","33.335853","clients.l.google.com","192.168.66.42","TCP","54","https(443)  >  50570 [ACK] Seq=1 Ack=723 Win=67072 Len=0"
"536","33.335853","clients.l.google.com","192.168.66.42","TLSv1.3","1440","Server Hello, Change Cipher Spec"
"537","33.335853","clients.l.google.com","192.168.66.42","TCP","1440","https(443)  >  50570 [PSH, ACK] Seq=1387 Ack=723 Win=67072 Len=1386 [TCP segment of a reassembled PDU]"
"538","33.335853","clients.l.google.com","192.168.66.42","TCP","1440","https(443)  >  50570 [ACK] Seq=2773 Ack=723 Win=67072 Len=1386 [TCP segment of a reassembled PDU]"
"539","33.335913","192.168.66.42","clients.l.google.com","TCP","54","50570  >  https(443) [ACK] Seq=723 Ack=4159 Win=131584 Len=0"
"540","33.336774","clients.l.google.com","192.168.66.42","TCP","1440","https(443)  >  50570 [PSH, ACK] Seq=4159 Ack=723 Win=67072 Len=1386 [TCP segment of a reassembled PDU]"
"541","33.336774","clients.l.google.com","192.168.66.42","TLSv1.3","1323","Application Data"
"542","33.336792","192.168.66.42","clients.l.google.com","TCP","54","50570  >  https(443) [ACK] Seq=723 Ack=6814 Win=131584 Len=0"
"543","33.337855","192.168.66.42","clients.l.google.com","TLSv1.3","128","Change Cipher Spec, Application Data"
"544","33.337993","192.168.66.42","clients.l.google.com","TLSv1.3","152","Application Data"
"545","33.338175","192.168.66.42","clients.l.google.com","TCP","1440","50570  >  https(443) [ACK] Seq=895 Ack=6814 Win=131584 Len=1386 [TCP segment of a reassembled PDU]"
"546","33.338175","192.168.66.42","clients.l.google.com","TLSv1.3","927","Application Data"
"547","33.539895","clients.l.google.com","192.168.66.42","TCP","54","https(443)  >  50570 [ACK] Seq=6814 Ack=2281 Win=69888 Len=0"
"548","33.539895","clients.l.google.com","192.168.66.42","TLSv1.3","914","Application Data, Application Data"
"549","33.539895","clients.l.google.com","192.168.66.42","TLSv1.3","85","Application Data"
"550","33.539956","192.168.66.42","clients.l.google.com","TCP","54","50570  >  https(443) [ACK] Seq=3154 Ack=7705 Win=130560 Len=0"
"551","33.540105","192.168.66.42","clients.l.google.com","TLSv1.3","85","Application Data"
"552","33.745034","clients.l.google.com","192.168.66.42","TLSv1.3","1131","Application Data"
"553","33.745034","clients.l.google.com","192.168.66.42","TLSv1.3","374","Application Data"
"554","33.745034","clients.l.google.com","192.168.66.42","TLSv1.3","236","Application Data"
"555","33.745100","192.168.66.42","clients.l.google.com","TCP","54","50570  >  https(443) [ACK] Seq=3185 Ack=9284 Win=131584 Len=0"
"556","33.745924","clients.l.google.com","192.168.66.42","TLSv1.3","93","Application Data"
"557","33.745924","clients.l.google.com","192.168.66.42","TCP","54","https(443)  >  50570 [ACK] Seq=9323 Ack=3185 Win=72704 Len=0"
"558","33.745958","192.168.66.42","clients.l.google.com","TCP","54","50570  >  https(443) [ACK] Seq=3185 Ack=9323 Win=131584 Len=0"
"559","33.746171","192.168.66.42","clients.l.google.com","TLSv1.3","93","Application Data"
"560","33.749237","192.168.66.42","drive.google.com","TCP","1440","50542  >  https(443) [ACK] Seq=3891 Ack=2751 Win=130816 Len=1386 [TCP segment of a reassembled PDU]"
"561","33.749237","192.168.66.42","drive.google.com","TLSv1.3","529","Application Data"
"562","33.749280","192.168.66.42","drive.google.com","TLSv1.3","93","Application Data"
"563","33.749293","192.168.66.42","drive.google.com","TLSv1.3","393","Application Data"
"564","33.950604","clients.l.google.com","192.168.66.42","TCP","54","https(443)  >  50570 [ACK] Seq=9323 Ack=3224 Win=72704 Len=0"
"565","33.950604","drive.google.com","192.168.66.42","TCP","54","https(443)  >  50542 [ACK] Seq=2751 Ack=5791 Win=86528 Len=0"
"566","33.950604","drive.google.com","192.168.66.42","TCP","54","https(443)  >  50542 [ACK] Seq=2751 Ack=6130 Win=89344 Len=0"
"567","33.950604","drive.google.com","192.168.66.42","TLSv1.3","93","Application Data"
"568","33.992554","drive.google.com","192.168.66.42","TLSv1.3","581","Application Data"
"569","33.992554","drive.google.com","192.168.66.42","TLSv1.3","85","Application Data"
"570","33.992554","drive.google.com","192.168.66.42","TLSv1.3","93","Application Data"
"571","33.992633","192.168.66.42","drive.google.com","TCP","54","50542  >  https(443) [ACK] Seq=6130 Ack=3387 Win=130304 Len=0"
"572","33.993666","192.168.66.42","drive.google.com","TLSv1.3","93","Application Data"
"573","34.125919","drive.google.com","192.168.66.42","TCP","54","https(443)  >  50542 [ACK] Seq=3387 Ack=6169 Win=89344 Len=0"
"574","34.173590","192.168.66.42","239.255.255.250","UDP","698","53412  >  ws-discovery(3702) Len=656"
"575","34.561179","fe80::5461:2afa:6436:eac8","ff02::c","UDP","718","53413  >  ws-discovery(3702) Len=656"
"576","34.565803","drive.google.com","192.168.66.42","TCP","54","https(443)  >  50543 [RST, ACK] Seq=1 Ack=1 Win=0 Len=0"
"577","34.919534","192.168.66.42","drive.google.com","TLSv1.3","466","Application Data"
"578","34.919574","192.168.66.42","drive.google.com","TLSv1.3","88","Application Data"
"579","35.060105","drive.google.com","192.168.66.42","TCP","54","https(443)  >  50542 [ACK] Seq=3387 Ack=6615 Win=92160 Len=0"
"580","35.281792","drive.google.com","192.168.66.42","TLSv1.3","562","Application Data"
"581","35.281792","drive.google.com","192.168.66.42","TLSv1.3","88","Application Data"
"582","35.281792","drive.google.com","192.168.66.42","TLSv1.3","124","Application Data, Application Data"
"583","35.281842","192.168.66.42","drive.google.com","TCP","54","50517  >  https(443) [ACK] Seq=5910 Ack=12853 Win=130816 Len=0"
"584","35.282824","192.168.66.42","drive.google.com","TLSv1.3","89","Application Data"
"585","35.282852","192.168.66.42","drive.google.com","TLSv1.3","93","Application Data"
"586","35.285329","192.168.66.42","drive.google.com","TLSv1.3","442","Application Data"
"587","35.286109","drive.google.com","192.168.66.42","TLSv1.3","565","Application Data"
"588","35.286109","drive.google.com","192.168.66.42","TLSv1.3","87","Application Data"
"589","35.286109","drive.google.com","192.168.66.42","TLSv1.3","124","Application Data, Application Data"
"590","35.286147","192.168.66.42","drive.google.com","TCP","54","50542  >  https(443) [ACK] Seq=7003 Ack=4001 Win=131584 Len=0"
"591","35.287288","192.168.66.42","drive.google.com","TLSv1.3","89","Application Data"
"592","35.287345","192.168.66.42","drive.google.com","TLSv1.3","93","Application Data"
"593","35.407713","drive.google.com","192.168.66.42","TCP","54","https(443)  >  50517 [ACK] Seq=12853 Ack=5945 Win=86528 Len=0"
"594","35.407713","drive.google.com","192.168.66.42","TCP","54","https(443)  >  50542 [ACK] Seq=4001 Ack=7003 Win=94976 Len=0"
"595","35.410131","drive.google.com","192.168.66.42","TCP","54","https(443)  >  50542 [ACK] Seq=4001 Ack=7077 Win=94976 Len=0"
"596","35.410131","drive.google.com","192.168.66.42","TCP","54","https(443)  >  50517 [ACK] Seq=12853 Ack=5984 Win=86528 Len=0"
"597","36.177661","192.168.66.42","239.255.255.250","UDP","698","53412  >  ws-discovery(3702) Len=656"
"598","36.568463","fe80::5461:2afa:6436:eac8","ff02::c","UDP","718","53413  >  ws-discovery(3702) Len=656"
